id;version;insert_date;file_name;content
80818526-55a4-4e5c-ae41-8019766f9236;16941;2022-06-19;Avon;../fake-data/blob/hipster.txt
2bd1bec7-657d-4a9c-ba15-aa08ac53e3b3;86956;2022-06-19;payment;../fake-data/blob/hipster.txt
0d801bad-97c4-4233-90bd-fe9e2b703293;56016;2022-06-19;Delaware Automotive;../fake-data/blob/hipster.txt
a10a39ad-740c-4699-9385-3e25b83de324;4116;2022-06-19;Berkshire Cove;../fake-data/blob/hipster.txt
04ba22d1-c051-47c0-9455-b1bc136c5fcd;61498;2022-06-20;Global plug-and-play Small;../fake-data/blob/hipster.txt
59e343a8-750a-473b-a1e2-a180aeffce40;47620;2022-06-19;integrated;../fake-data/blob/hipster.txt
1741dd86-6a67-4ed3-a819-b0d912b997ae;39507;2022-06-20;Loan orchestration Towels;../fake-data/blob/hipster.txt
bb1e9b78-9695-469b-8ebe-3fb4e136fd48;84558;2022-06-19;transitional Tunisia Generic;../fake-data/blob/hipster.txt
682bc76f-383c-4b41-a257-cd6c3848596b;36338;2022-06-20;Borders gold;../fake-data/blob/hipster.txt
17e95a72-e264-4fb5-a299-b3eb31b388d1;74192;2022-06-19;proactive;../fake-data/blob/hipster.txt
